location,latitude,longitude,magnitude,depth,day,hour,minute,sec
KORKMAZ-GOKSUN (KAHRAMANMARAS),38.0842,36.7765,3.8, 5.3 km,10,21,26,19
ASAGIBILENLER-ISLAHIYE (GAZIANTEP),36.8948,36.6475,3.1, 5.0 km,10,21,6,4
HANCAGIZ-SAMANDAG (HATAY),36.1535,36.0812,3.6, 8.5 km,10,20,50,46
KEMALPASA-GOKSUN (KAHRAMANMARAS),38.0985,36.9243,3.4, 5.0 km,10,20,35,28
ULUKOY-(MALATYA),38.1712,38.5793,4.1, 4.7 km,10,20,31,23
KAZANDERE-GOKSUN (KAHRAMANMARAS),37.9438,36.2668,4.7, 4.9 km,10,20,0,49
IZCI-SURUC (SANLIURFA),36.9622,38.272,3.7,10.3 km,10,19,43,22
SUCATI-(KAHRAMANMARAS),37.7662,36.731,3.6, 5.4 km,10,19,26,11
GOZENE-YESILYURT (MALATYA),38.1915,38.018,3.1, 3.5 km,10,19,0,28
KIRECKOY-GOKSUN (KAHRAMANMARAS),37.9877,36.5065,3.3, 5.1 km,10,18,58,56
ERKENEK-DOGANSEHIR (MALATYA),37.9763,37.927,3.4, 5.0 km,10,18,29,20
GUCUKSU-GOKSUN (KAHRAMANMARAS),38.0563,36.6262,3, 8.6 km,10,18,6,51
BALPINARI-PUTURGE (MALATYA),38.2558,38.7638,3.2, 5.0 km,10,17,26,12
AGCASAR-NURHAK (KAHRAMANMARAS),38.0418,37.347,3, 5.0 km,10,17,20,37
KORUCAK-CELIKHAN (ADIYAMAN),38.0598,38.3798,3.2, 4.8 km,10,17,14,29
AGCASAR-NURHAK (KAHRAMANMARAS),38.0537,37.3128,3.1, 9.7 km,10,17,12,11
SOGUTLU-PAZARCIK (KAHRAMANMARAS),37.503,37.191,3.2,10.8 km,10,17,9,2
MESTAN-(ADIYAMAN),37.9992,38.254,3.4, 5.0 km,10,16,40,28
ELDELEK-ELBISTAN (KAHRAMANMARAS),38.2805,37.2928,3, 5.0 km,10,16,33,14
KAVSUT-GOKSUN (KAHRAMANMARAS),38.1833,36.5828,3.1,13.6 km,10,16,26,52
OLUKLU-YESILYURT (MALATYA),38.2012,38.0702,3.5, 5.0 km,10,16,2,41
GORGU-YESILYURT (MALATYA),38.2892,38.119,3.9, 5.0 km,10,15,52,39
ORTULU-MADEN (ELAZIG),38.5473,39.6653,3.7, 5.0 km,10,15,46,18
KEMALPASA-GOKSUN (KAHRAMANMARAS),38.1098,36.9072,3.5, 5.6 km,10,15,33,14
YOGUNOLUK-GOKSUN (KAHRAMANMARAS),37.9192,36.3588,3.2, 3.0 km,10,15,17,8
AHMETCIK-GOKSUN (KAHRAMANMARAS),38.0225,36.6542,3.4,12.4 km,10,15,5,26
ALAPINAR-KOZAN (ADANA),37.3415,35.8463,3,14.6 km,10,14,29,43
CIGLI-(KAHRAMANMARAS),37.5038,37.0625,3.8, 3.7 km,10,14,29,28
SENLIK-LICE (DIYARBAKIR),38.5353,40.4133,3.5, 5.0 km,10,13,31,15
ATALAR-YESILYURT (MALATYA),38.2263,38.1862,4.2, 4.1 km,10,13,1,21
CAMPINAR-CELIKHAN (ADIYAMAN),38.1673,38.245,3.2, 6.1 km,10,12,24,27
AKBAYIR-ELBISTAN (KAHRAMANMARAS),38.1493,37.2953,3, 8.7 km,10,12,23,35
YALINKAYA-YESILYURT (MALATYA),38.0722,38.0995,4.4, 5.0 km,10,12,2,49
KADIRUSAGI-YESILYURT (MALATYA),38.2255,38.2348,3.2, 3.0 km,10,11,52,3
FINDIKKOY-DOGANSEHIR (MALATYA),38.1233,37.8303,3.2, 4.2 km,10,11,50,56
KALEDIBI-HANI (DIYARBAKIR),38.5197,40.3823,3.3, 1.3 km,10,11,39,2
SOGUT-DOGANSEHIR (MALATYA),38.0917,37.7702,3.8, 5.0 km,10,11,22,22
DOGU AKDENIZ,34.9808,35.2365,4.1,79.9 km,10,11,17,27
GUNDUZBEY-YESILYURT (MALATYA),38.2742,38.2498,3.9, 2.5 km,10,11,5,34
ELMALI-GOKSUN (KAHRAMANMARAS),37.9995,36.6275,3.4, 5.1 km,10,10,57,2
ATALAR-YESILYURT (MALATYA),38.2322,38.1957,3.6, 2.8 km,10,10,29,30
BALIKALAN-NURDAGI (GAZIANTEP),37.2958,36.89,3.2, 5.0 km,10,10,5,6
CECELI-TURKOGLU (KAHRAMANMARAS),37.3475,36.8282,3.8, 5.0 km,10,10,4,41
TATLAR-NURHAK (KAHRAMANMARAS),38.0432,37.5465,3.1, 5.0 km,10,10,1,42
CINARLI-PAZARCIK (KAHRAMANMARAS),37.4768,37.091,3.3, 5.0 km,10,9,56,55
NURHAK (KAHRAMANMARAS),37.9415,37.484,4, 3.8 km,10,9,36,45
SARAYCIK-GOKSUN (KAHRAMANMARAS),38.0067,36.5987,3.7, 2.1 km,10,9,21,36
YANIKCAY-GEVAS (VAN),38.216,42.9128,3.5, 5.0 km,10,8,51,49
ORMELI-PUTURGE (MALATYA),38.2395,38.8673,3.5, 5.0 km,10,8,30,2
KARAAHMET-GOKSUN (KAHRAMANMARAS),37.996,36.6027,3.8, 5.0 km,10,8,28,45
GECITLI-SINCIK (ADIYAMAN),38.1082,38.5228,3, 4.2 km,10,8,18,36
AKSU-SINCIK (ADIYAMAN),38.1417,38.5078,3.1, 4.1 km,10,8,11,20
EKINOZU (KAHRAMANMARAS),38.0635,37.171,3.1, 5.0 km,10,8,3,40
KARAKOSE-SINCIK (ADIYAMAN),38.0913,38.4707,4.1, 2.6 km,10,7,53,50
SEYITUSAGI-YESILYURT (MALATYA),38.2347,38.1608,5, 2.3 km,10,7,50,22
KARAGOL-CELIKHAN (ADIYAMAN),38.0978,38.3883,3.3, 5.0 km,10,6,57,49
AKSAAGAC-SAIMBEYLI (ADANA),37.9152,36.2395,3.4, 5.2 km,10,6,45,21
KOSEUSAGI-CELIKHAN (ADIYAMAN),38.0678,38.2817,3.1, 6.3 km,10,6,39,50
HUGTAS-GOKSUN (KAHRAMANMARAS),37.99,36.364,3.5,10.4 km,10,6,22,47
YAGMURLU-GOKSUN (KAHRAMANMARAS),38.0733,36.562,3.1, 4.5 km,10,6,1,2
KARDERE-ZARA (SIVAS),39.6665,38.0093,3.4, 5.0 km,10,5,55,32
KARAPINAR-ISLAHIYE (GAZIANTEP),36.9765,36.626,3.5, 6.9 km,10,5,41,39
ATALAR-YESILYURT (MALATYA),38.2112,38.1857,4.4, 5.0 km,10,5,3,40
SAHINKAYASI-(KAHRAMANMARAS),37.8947,36.6898,4.4, 5.0 km,10,4,50,59
KEMALLI-(KAHRAMANMARAS),37.7385,37.1323,3,17.5 km,10,4,33,9
KALEKOY-GOKSUN (KAHRAMANMARAS),38.0388,36.6022,3.2, 5.0 km,10,4,17,1
GOLPINAR-GOKSUN (KAHRAMANMARAS),37.9627,36.5027,3.3, 5.1 km,10,4,15,3
NURHAK (KAHRAMANMARAS),37.9623,37.394,3, 4.3 km,10,4,4,10
ALICLIBUCAK-GOKSUN (KAHRAMANMARAS),38.0787,36.5493,3, 3.1 km,10,4,1,52
KARAGOL-CELIKHAN (ADIYAMAN),38.1202,38.4437,3, 7.6 km,10,3,27,56
KADIRUSAGI-YESILYURT (MALATYA),38.2575,38.2255,4, 6.0 km,10,3,1,27
KIRECKOY-GOKSUN (KAHRAMANMARAS),37.9972,36.5115,3.8, 3.1 km,10,2,48,30
KOLCULAR-ALTINOZU (HATAY),35.9185,36.3593,3.7, 7.6 km,10,2,38,18
KOKLUCE-PALU (ELAZIG),38.7793,40.15,3, 7.9 km,10,2,31,48
GOKCEK-ELBISTAN (KAHRAMANMARAS),38.3675,37.2748,3.2, 5.4 km,10,2,26,31
ORTATEPE-GOKSUN (KAHRAMANMARAS),38.0722,36.4968,3.2, 4.6 km,10,2,2,37
GUNDERE-ELBISTAN (KAHRAMANMARAS),38.3073,37.3423,3.1, 5.0 km,10,1,53,42
MOLLATOPUZ-OZALP (VAN),38.6635,44.1155,3.6, 5.0 km,10,1,21,30
ORTAKLI-ISLAHIYE (GAZIANTEP),36.9312,36.7172,4.2,11.2 km,10,1,6,38
BUYUKKIZILCIK-GOKSUN (KAHRAMANMARAS),38.172,36.7018,3.8, 5.0 km,10,1,0,21
GECITLI-SINCIK (ADIYAMAN),38.1443,38.5508,3.4, 2.8 km,10,0,51,49
DUTPINAR-MADEN (ELAZIG),38.3992,39.633,3, 8.7 km,10,0,50,33
ORDEKDEDE-PAZARCIK (KAHRAMANMARAS),37.2853,37.0995,3, 5.9 km,10,0,27,30
ALIBEYUSAGI-(KAHRAMANMARAS),37.425,37.0377,3, 5.7 km,10,0,2,10
GOKSUN (KAHRAMANMARAS),38.018,36.5017,3, 5.4 km,9,23,45,21
GOZPINAR-EKINOZU (KAHRAMANMARAS),38.044,37.2897,3.3, 4.4 km,9,23,40,34
UCOCAK-ARICAK (ELAZIG),38.488,40.2453,3.1, 7.7 km,9,23,14,22
KALEDIBI-HANI (DIYARBAKIR),38.509,40.3795,3.9, 5.0 km,9,23,3,46
ISIKLI-YESILYURT (MALATYA),38.2212,38.1093,3.9, 5.0 km,9,22,58,30
GOKSUN (KAHRAMANMARAS),38.012,36.5105,3.6, 3.2 km,9,22,37,44
MAHMUTBEY-GOKSUN (KAHRAMANMARAS),38.0992,36.4978,3.1, 5.0 km,9,22,18,51
CALIS-ELBISTAN (KAHRAMANMARAS),38.123,37.0343,3.5, 5.3 km,9,21,52,33
KARASULEYMANLI-HAYMANA (ANKARA),39.3277,32.6472,3.7, 5.0 km,9,21,49,40
DEMIRCILER-PAZARCIK (KAHRAMANMARAS),37.3395,37.0355,3.8, 5.0 km,9,21,36,9
CAYKOY-PUTURGE (MALATYA),38.2723,38.695,3.1, 5.0 km,9,21,3,21
MAHMUTBEY-GOKSUN (KAHRAMANMARAS),38.0977,36.4928,3.8, 2.8 km,9,20,51,50
YARPUZ-(OSMANIYE),37.0032,36.4162,3.2, 7.0 km,9,20,20,22
PINARBASI-CELIKHAN (ADIYAMAN),38.0173,38.2058,3.6, 5.0 km,9,19,30,22
NURDAGI (GAZIANTEP),37.1937,36.7543,3.2, 6.6 km,9,18,50,53
TEMURAGA-GOKSUN (KAHRAMANMARAS),38.0418,36.5752,3.2, 5.0 km,9,18,49,15
HACIBEBEK-TURKOGLU (KAHRAMANMARAS),37.3402,36.8617,3, 5.4 km,9,18,47,36
NEVRUZLU-(KAHRAMANMARAS),37.4225,36.9745,3, 3.0 km,9,18,42,7
BEGRE-DOGANSEHIR (MALATYA),38.0412,37.7028,3.2, 5.0 km,9,18,21,7
EMIROGLU-PAZARCIK (KAHRAMANMARAS),37.3198,37.0392,3.8, 3.7 km,9,18,18,50
KIRISKAL-NURDAGI (GAZIANTEP),37.2493,36.8427,3.5, 5.8 km,9,17,37,35
POLAT-DOGANSEHIR (MALATYA),38.1892,37.8447,3.8, 5.0 km,9,17,17,44
TOKCA-ASKALE (ERZURUM),39.7362,40.6027,3, 5.0 km,9,16,52,47
TOZLUCA-ASKALE (ERZURUM),39.7852,40.644,3, 5.0 km,9,16,50,22
KALEDIBI-HANI (DIYARBAKIR),38.51,40.402,3, 1.6 km,9,16,43,19
OLUCAK-NURDAGI (GAZIANTEP),37.1825,36.7035,3, 5.6 km,9,16,40,49
FINDIK-GOKSUN (KAHRAMANMARAS),38.0547,36.6963,3.3, 7.4 km,9,16,34,13
PAZARCIK-PUTURGE (MALATYA),38.2122,38.7147,3.7, 5.0 km,9,16,30,37
GOKSUN (KAHRAMANMARAS),37.9995,36.487,3.7, 1.2 km,9,16,18,56
KAMBERLIKAYA-KIRIKHAN (HATAY),36.5227,36.4808,3.2, 4.6 km,9,16,11,46
CARDAK-GOKSUN (KAHRAMANMARAS),38.1212,36.8318,3.1, 2.8 km,9,15,54,41
GOKSUN (KAHRAMANMARAS),38.0307,36.4853,3.5, 5.0 km,9,15,52,21
YUKARIKECILI-KOZAN (ADANA),37.7555,35.6345,3, 5.0 km,9,15,48,3
BOGAZICI-ISLAHIYE (GAZIANTEP),36.9575,36.5537,3.3, 8.5 km,9,15,39,44
SEYITUSAGI-YESILYURT (MALATYA),38.2853,38.1578,3.6, 4.0 km,9,15,32,48
ATALAR-SEHITKAMIL (GAZIANTEP),37.211,37.0263,3.8, 2.3 km,9,15,23,44
FINDIKKOY-DOGANSEHIR (MALATYA),38.1408,37.8222,3.9, 5.0 km,9,15,22,3
IKIZCE-YESILYURT (MALATYA),38.2867,38.2193,3, 5.0 km,9,15,8,33
ACIELMA-GOKSUN (KAHRAMANMARAS),38.008,36.4133,3.2, 5.4 km,9,14,50,32
KUCUKLU-DOGANSEHIR (MALATYA),38.0343,37.6943,4.2, 5.0 km,9,14,48,29
HACIOMER-GOKSUN (KAHRAMANMARAS),38.0483,36.5993,3.2, 5.1 km,9,14,23,10
BEGRE-DOGANSEHIR (MALATYA),38.0482,37.698,3.3, 4.3 km,9,14,14,50
GUZELKOY-DOGANSEHIR (MALATYA),38.0262,38.0608,3.4,14.3 km,9,14,11,26
SOGUT-DOGANSEHIR (MALATYA),38.0708,37.7228,3.9, 5.0 km,9,14,3,51
NURHAK (KAHRAMANMARAS),38.0132,37.4175,3.4, 3.3 km,9,13,55,54
KIRISKAL-NURDAGI (GAZIANTEP),37.2683,36.8447,4.2, 6.8 km,9,13,42,23
NALTAS-SAIMBEYLI (ADANA),38.0765,36.1095,3.1, 5.0 km,9,13,39,9
KORUCAK-CELIKHAN (ADIYAMAN),38.0572,38.3807,3.9, 5.4 km,9,13,32,37
TEMURAGA-GOKSUN (KAHRAMANMARAS),38.0565,36.5647,3.5, 5.0 km,9,13,27,17
KAYNAR-(KAHRAMANMARAS),37.7888,36.5177,3.6, 5.0 km,9,13,25,28
PILAVTEPE-KARAKOCAN (ELAZIG),39.1308,40.1732,4.6, 6.3 km,9,13,19,5
NURHAK (KAHRAMANMARAS),37.9988,37.4383,3.6, 5.0 km,9,13,16,1
SEYDILI-PALU (ELAZIG),38.6923,39.8987,3.3, 7.2 km,9,13,1,18
KOZLUK-PUTURGE (MALATYA),38.1083,38.6242,4.4, 4.3 km,9,12,46,53
CAGLAYAN-GOKSUN (KAHRAMANMARAS),38.0392,36.4673,3.3, 6.5 km,9,12,43,23
SAHINKAYASI-(KAHRAMANMARAS),37.8553,36.678,3.2, 6.6 km,9,12,32,9
SAHINKAYASI-(KAHRAMANMARAS),37.853,36.7242,3.7, 5.0 km,9,12,29,49
POLAT-DOGANSEHIR (MALATYA),38.1618,37.854,3, 3.6 km,9,12,26,58
AVCILARSUYU-ARSUZ (HATAY),36.316,35.8972,3.4, 8.7 km,9,12,16,27
DONGEL-(KAHRAMANMARAS),37.8652,36.6253,3.3, 5.5 km,9,11,55,36
GUMUSDOVEN-ELBISTAN (KAHRAMANMARAS),38.0747,37.2885,3.4, 5.0 km,9,11,44,24
TAHTALIDEDELER-TURKOGLU (KAHRAMANMARAS),37.3842,36.9348,3, 5.0 km,9,11,22,40
HACIMIRZA-GOKSUN (KAHRAMANMARAS),38.0395,36.4928,3.9, 5.0 km,9,10,57,5
GOVDELI-DOGANSEHIR (MALATYA),38.0293,37.5762,3.3,16.2 km,9,10,53,32
KIZILOZ-GOKSUN (KAHRAMANMARAS),38.0098,36.6688,4.2, 1.9 km,9,10,42,7
YAGMURLU-GOKSUN (KAHRAMANMARAS),38.0828,36.6128,3.4, 5.0 km,9,10,29,1
GULLUHUYUK-ISLAHIYE (GAZIANTEP),37.0165,36.6868,4.8,10.3 km,9,10,18,16
CAVUSLU-DOGANSEHIR (MALATYA),38.1695,37.8025,3.1, 5.0 km,9,10,14,11
HASANLOK-ISLAHIYE (GAZIANTEP),36.9108,36.53,3.2, 5.0 km,9,10,9,46
BASMEZRA-PUTURGE (MALATYA),38.1588,38.6298,3.9, 5.0 km,9,10,7,11
ALICLIBUCAK-GOKSUN (KAHRAMANMARAS),38.1065,36.5138,3.1, 6.1 km,9,10,6,15
KAPIDERE-DOGANSEHIR (MALATYA),37.9787,37.6138,4.1, 2.0 km,9,9,49,48
TAPKIRANKALE-ELBISTAN (KAHRAMANMARAS),38.1215,37.6382,3.9, 5.0 km,9,9,37,3
HUGTAS-GOKSUN (KAHRAMANMARAS),37.9812,36.3983,3.1, 5.0 km,9,9,22,46
GUCUKSU-GOKSUN (KAHRAMANMARAS),38.0822,36.657,3.3, 4.9 km,9,8,49,51
KADIRUSAGI-YESILYURT (MALATYA),38.216,38.2533,4.2, 5.8 km,9,8,37,33
OKSUZLU-(KAHRAMANMARAS),37.4295,36.9738,3.2, 1.8 km,9,8,25,44
KANLIKAVAK-GOKSUN (KAHRAMANMARAS),38.091,36.6268,4.1, 5.1 km,9,8,24,25
MEHMETBEY-GOKSUN (KAHRAMANMARAS),38.0743,36.4878,3.9, 3.3 km,9,8,2,54
ACIELMA-GOKSUN (KAHRAMANMARAS),38.0187,36.4235,3.1, 7.8 km,9,7,58,47
TEKEBASI-SAMANDAG (HATAY),36.0583,35.978,3.5,16.4 km,9,7,47,46
DONGEL-(KAHRAMANMARAS),37.8775,36.6735,3,13.0 km,9,7,36,42
AKSU-SINCIK (ADIYAMAN),38.1282,38.5042,4.1, 5.8 km,9,7,34,42
AKTOPRAK-GOLBASI (ADIYAMAN),37.8383,37.6743,3.2,12.6 km,9,7,32,23
SIRMALI-GOKSUN (KAHRAMANMARAS),37.9543,36.3828,4, 1.7 km,9,7,18,19
GORGU-YESILYURT (MALATYA),38.2722,38.12,3.4, 5.0 km,9,7,15,33
DEVEBOYNU-AFSIN (KAHRAMANMARAS),38.1258,36.7715,3, 5.0 km,9,7,9,15
OBRUKKASI-MAZGIRT (TUNCELI),38.8957,39.749,3.8, 5.4 km,9,7,4,56
UZUNALIC-(HATAY),36.3942,36.2173,3.1, 8.6 km,9,7,1,30
PINARBASI-CELIKHAN (ADIYAMAN),38.0167,38.1775,4,15.7 km,9,6,52,15
ALICLIBUCAK-GOKSUN (KAHRAMANMARAS),38.0787,36.5107,3.4, 5.0 km,9,6,46,5
TEKIR-(KAHRAMANMARAS),37.9167,36.6735,3.3, 4.8 km,9,6,40,17
GORGU-YESILYURT (MALATYA),38.236,38.1132,3.5, 5.0 km,9,6,34,19
CAMPINAR-CELIKHAN (ADIYAMAN),38.1127,38.2083,3.9, 5.0 km,9,6,26,12
CEYLANLI-KIRIKHAN (HATAY),36.5605,36.3888,4, 7.3 km,9,6,24,52
CAYKOY-PUTURGE (MALATYA),38.2722,38.7117,3, 5.3 km,9,6,20,50
GUNDUZBEY-YESILYURT (MALATYA),38.2733,38.238,3.3, 5.0 km,9,6,4,14
CANKARA-GOLBASI (ADIYAMAN),37.86,37.8498,3,22.7 km,9,6,1,40
EKINOZU (KAHRAMANMARAS),38.065,37.2077,3, 7.3 km,9,5,46,32
TATLAR-NURHAK (KAHRAMANMARAS),38.0245,37.472,3.1,21.4 km,9,5,53,32
CAVUSLU-DOGANSEHIR (MALATYA),38.1628,37.773,3.4, 5.0 km,9,5,29,30
DENIZLI-PAZARCIK (KAHRAMANMARAS),37.4278,37.1023,3, 5.0 km,9,5,20,53
ELMALI-GOKSUN (KAHRAMANMARAS),37.9908,36.6098,3.2, 8.6 km,9,5,8,19
ASLANBEYCIFTLIGI-GOKSUN (KAHRAMANMARAS),38.0005,36.5458,3.5, 5.0 km,9,5,2,12
KARABAHSILI-GOLBASI (ADIYAMAN),37.898,37.7098,4.4, 5.0 km,9,4,44,17
KALEDIBI-HANI (DIYARBAKIR),38.5078,40.3828,4.3, 2.5 km,9,4,38,13
HACIMIRZA-GOKSUN (KAHRAMANMARAS),38.0485,36.519,3.6, 5.2 km,9,4,21,44
NURHAK (KAHRAMANMARAS),37.9945,37.471,3,26.2 km,9,4,14,18
ORTATEPE-GOKSUN (KAHRAMANMARAS),38.046,36.5338,3.2, 4.9 km,9,4,8,46
KADIRUSAGI-YESILYURT (MALATYA),38.2265,38.2242,3, 6.4 km,9,4,6,43
ZEYNELLI-YAYLADERE (BINGOL),39.217,40.2155,3.4, 8.5 km,9,3,59,35
SATIROBASI-DOGANSEHIR (MALATYA),38.1132,37.9457,3.5, 6.4 km,9,3,51,27
GULOVA-KUMLU (HATAY),36.3815,36.3,3.2,10.3 km,9,3,36,33
KAVAK-(ADIYAMAN),37.9742,38.1927,3.2, 5.5 km,9,3,35,3
ALINCIK-SIVRICE (ELAZIG),38.4535,39.213,4, 6.1 km,9,3,32,14
GUZELKOY-ISKENDERUN (HATAY),36.5732,36.2465,3.7,10.0 km,9,3,18,2
GULDEREN-(HATAY),36.3137,36.093,3.6, 5.4 km,9,3,8,51
DEDELER-TURKOGLU (KAHRAMANMARAS),37.2348,36.7288,3.1, 5.0 km,9,3,0,49
IKIZKUYU-NURDAGI (GAZIANTEP),37.1603,36.97,3.1,11.8 km,9,2,58,40
AGCASAR-NURHAK (KAHRAMANMARAS),38.0745,37.3222,3, 5.0 km,9,2,53,39
GUVENC-HASSA (HATAY),36.7083,36.3862,3.7, 5.0 km,9,2,47,8
KALEDIBI-HANI (DIYARBAKIR),38.5405,40.3822,3.8,10.6 km,9,2,39,59
ELMALI-GOKSUN (KAHRAMANMARAS),37.9898,36.6322,3.4, 5.0 km,9,2,20,55
CAMDERE-GOKSUN (KAHRAMANMARAS),38.1165,36.574,3.4, 5.0 km,9,2,1,28
ACIELMA-GOKSUN (KAHRAMANMARAS),38.0355,36.422,3.1, 5.0 km,9,1,48,2
KAYACIK-KULP (DIYARBAKIR),38.5602,41.1413,3.1,16.5 km,9,1,41,43
KARAPINAR-AKCADAG (MALATYA),38.302,38.053,4, 5.0 km,9,1,36,49
YUVALI-DOGANSEHIR (MALATYA),38.1878,37.9433,3, 5.4 km,9,1,16,9
HACIMIRZA-GOKSUN (KAHRAMANMARAS),38.0402,36.5257,3.1, 9.8 km,9,1,8,31
KIRISKAL-NURDAGI (GAZIANTEP),37.2403,36.832,3.6, 9.5 km,9,1,6,3
YESILYURT-ANDIRIN (KAHRAMANMARAS),37.5963,36.3263,3, 7.7 km,9,0,45,26
CAKALLICULLU-TURKOGLU (KAHRAMANMARAS),37.4318,36.8803,3, 6.0 km,9,0,38,57
CICEKALANI-PAZARCIK (KAHRAMANMARAS),37.5275,37.2425,3.2, 5.3 km,9,0,35,54
POLATDERESI-DOGANSEHIR (MALATYA),38.1557,37.903,3.4, 3.6 km,9,0,15,7
TURKBAHCE-ISLAHIYE (GAZIANTEP),37.0813,36.6087,3, 7.4 km,9,0,11,29
BUYUKYAPALAK-ELBISTAN (KAHRAMANMARAS),38.3008,37.2815,3, 5.0 km,9,0,0,25
GOVDELI-DOGANSEHIR (MALATYA),38.0533,37.6245,3.3, 5.0 km,8,23,55,34
YOGUNOLUK-GOKSUN (KAHRAMANMARAS),37.9157,36.3598,3.1,26.7 km,8,23,40,17
KALEDIBI-TURKOGLU (KAHRAMANMARAS),37.2902,36.7163,3.4, 2.4 km,8,23,20,50
AHMETCIK-GOKSUN (KAHRAMANMARAS),38.028,36.6562,3, 5.4 km,8,23,19,8
GORGU-YESILYURT (MALATYA),38.2552,38.1155,4, 4.9 km,8,23,12,4
TEMURAGA-GOKSUN (KAHRAMANMARAS),38.0463,36.5897,3.3, 7.1 km,8,23,9,11
ANAYAZI-(HATAY),36.3162,36.1878,4.1, 5.5 km,8,22,48,10
ARIKONAK-SINCIK (ADIYAMAN),38.1187,38.5898,3.2, 2.3 km,8,22,23,19
CINARLI-PAZARCIK (KAHRAMANMARAS),37.472,37.0825,3.1, 6.0 km,8,22,13,23
TEMURAGA-GOKSUN (KAHRAMANMARAS),38.046,36.5603,3.1, 4.3 km,8,22,12,4
HACIMIRZA-GOKSUN (KAHRAMANMARAS),38.0448,36.5213,4, 1.5 km,8,22,5,17
YAGMURLU-GOKSUN (KAHRAMANMARAS),38.0702,36.5668,3.3, 4.3 km,8,21,58,14
KURUCAOVA-DOGANSEHIR (MALATYA),37.9987,38.1248,3.3, 5.0 km,8,21,53,22
GUMUSDOVEN-ELBISTAN (KAHRAMANMARAS),38.0712,37.2852,3.6, 7.4 km,8,21,40,24
SOGUTLU-PAZARCIK (KAHRAMANMARAS),37.4723,37.1945,3.9, 9.5 km,8,21,35,10
EMIROGLU-PAZARCIK (KAHRAMANMARAS),37.32,37.0685,3, 5.2 km,8,21,26,12
SOGUCAK-AFSIN (KAHRAMANMARAS),38.1488,36.9415,3.2, 5.0 km,8,21,12,48
TOPRAKTEPE-DOGANSEHIR (MALATYA),38.1013,37.8302,3.5, 3.9 km,8,21,6,51
TOZLUCA-ASKALE (ERZURUM),39.7515,40.6583,4.3, 5.0 km,8,20,57,19
KARACURUN-YAYLADAGI (HATAY),36.0463,36.082,3.3,16.6 km,8,20,23,46
YUVA-GURUN (SIVAS),38.8098,37.3608,3.6, 5.0 km,8,20,6,37
KARABAHSILI-GOLBASI (ADIYAMAN),37.8952,37.7112,3.4,19.8 km,8,20,2,41
EKINOZU (KAHRAMANMARAS),38.0867,37.1747,3.1, 8.3 km,8,20,1,12
ELBISTANHUYUGU-ISLAHIYE (GAZIANTEP),37.1002,36.741,3.5,10.9 km,8,19,59,20
AKPINAR-EKINOZU (KAHRAMANMARAS),38.0998,37.2143,4.2, 7.3 km,8,19,55,39
CEVREPINAR-(KAHRAMANMARAS),37.8388,36.5992,3.2,16.5 km,8,19,40,33
MAHMUTBEY-GOKSUN (KAHRAMANMARAS),38.1062,36.4693,3.3, 5.0 km,8,19,10,35
SAHINKAYASI-(KAHRAMANMARAS),37.8777,36.6877,3.3, 8.1 km,8,19,3,58
EMIROGLU-PAZARCIK (KAHRAMANMARAS),37.3195,37.072,3.1, 5.0 km,8,18,56,50
CEVREPINAR-(KAHRAMANMARAS),37.8438,36.6138,4.2, 5.0 km,8,18,49,57
ISLAHIYE (GAZIANTEP),37.0452,36.6278,3.1,10.8 km,8,18,42,47
HANAGZI-ISLAHIYE (GAZIANTEP),37.0623,36.613,3.9, 5.0 km,8,18,12,28
KABAKTEPE-EKINOZU (KAHRAMANMARAS),38.0442,37.0373,4.2, 4.2 km,8,18,4,42
HACIBEBEK-TURKOGLU (KAHRAMANMARAS),37.3392,36.8715,3.3, 5.0 km,8,18,2,5
SAHINKAYASI-(KAHRAMANMARAS),37.8667,36.693,3.3, 6.2 km,8,17,53,8
HACIOMER-GOKSUN (KAHRAMANMARAS),38.0713,36.6113,4.2, 5.6 km,8,17,42,21
EMIROGLU-PAZARCIK (KAHRAMANMARAS),37.3308,37.0577,3.1, 5.0 km,8,17,34,37
BARIS-NURHAK (KAHRAMANMARAS),37.9922,37.3845,4.9,13.0 km,8,17,20,25
GOVDELI-DOGANSEHIR (MALATYA),37.9748,37.5967,3.6, 5.0 km,8,17,9,39
MESTAN-(ADIYAMAN),37.9685,38.224,3.3, 5.4 km,8,17,3,55
YALINKAYA-YESILYURT (MALATYA),38.1182,38.1492,4, 5.8 km,8,17,4,55
ATAYURDU-ALTINOZU (HATAY),36.176,36.2757,3.5,10.3 km,8,16,56,52
AGCASAR-NURHAK (KAHRAMANMARAS),38.0563,37.4052,3, 6.4 km,8,16,37,45
FINDIKKOY-DOGANSEHIR (MALATYA),38.1143,37.7533,3.5, 5.0 km,8,16,33,20
DUGERIN-SIVEREK (SANLIURFA),37.8257,39.4208,3.3, 8.4 km,8,16,24,47
KANLIKAVAK-GOKSUN (KAHRAMANMARAS),38.1037,36.5857,3.1, 5.0 km,8,16,18,44
TURKMENKARAHUYUK-CUMRA (KONYA),37.5893,33.0077,3, 5.6 km,8,16,10,17
AKSU-SINCIK (ADIYAMAN),38.1128,38.4633,3, 5.2 km,8,15,56,23
SAHINTEPE-PAZARCIK (KAHRAMANMARAS),37.5408,37.3102,3.2, 6.1 km,8,15,41,12
KARAOMER-GOKSUN (KAHRAMANMARAS),38.1075,36.6863,3.6, 7.6 km,8,15,38,0
TUT (ADIYAMAN),37.7907,37.935,3.2, 7.1 km,8,15,16,27
KANLIKAVAK-GOKSUN (KAHRAMANMARAS),38.112,36.6213,3.7, 5.0 km,8,14,57,22
CATALAGAC-GOLBASI (ADIYAMAN),37.6345,37.4975,3.5,11.8 km,8,14,44,50
KEMALPASA-GOKSUN (KAHRAMANMARAS),38.0977,36.9152,3.9, 5.0 km,8,14,37,19
GOVDELI-DOGANSEHIR (MALATYA),37.9917,37.629,4.8, 5.0 km,8,14,23,58
KUCUKLU-DOGANSEHIR (MALATYA),38.018,37.665,5.5, 5.0 km,8,14,11,50
POLAT-DOGANSEHIR (MALATYA),38.1502,37.8267,4.3, 3.9 km,8,14,0,17
KARAALI-(HATAY),36.3175,36.1358,3.1, 5.5 km,8,13,52,5
KARADORUK-GURUN (SIVAS),38.8393,37.3712,3.6, 5.0 km,8,13,34,0
KONAKLI-DORTYOL (HATAY),36.7835,36.3305,3.6, 5.9 km,8,13,31,46
KARTALKOY-NURDAGI (GAZIANTEP),37.1037,37.001,4.5, 5.1 km,8,13,26,23
BUYUKCAMURLU-GOKSUN (KAHRAMANMARAS),37.9073,36.4025,3.3, 5.0 km,8,12,53,50
GOLBAGI-CELIKHAN (ADIYAMAN),38.0528,38.2355,3.3, 5.5 km,8,12,41,44
SALMANIPAK-PAZARCIK (KAHRAMANMARAS),37.4275,37.2263,3.5,11.3 km,8,12,34,35
SEYRANTEPE-PAZARCIK (KAHRAMANMARAS),37.4408,37.1083,3.1, 6.1 km,8,12,32,12
BEKTASLI-KIRIKHAN (HATAY),36.6673,36.4072,3.9, 7.3 km,8,12,13,6
AKTOPRAK-GOLBASI (ADIYAMAN),37.8317,37.706,3.5, 5.0 km,8,12,6,40
FINDIKKOY-DOGANSEHIR (MALATYA),38.1023,37.8105,4.1, 5.0 km,8,11,45,33
ERKENEK-DOGANSEHIR (MALATYA),37.9437,37.932,3, 8.3 km,8,11,22,58
DONGEL-(KAHRAMANMARAS),37.8582,36.6247,3.4, 5.0 km,8,11,20,3
ALTINDAG-NIZIP (GAZIANTEP),37.0718,37.6857,3.1,29.7 km,8,11,6,39
KURUCAOVA-(KAHRAMANMARAS),37.9203,36.5588,3.7, 5.5 km,8,11,3,3
GOKSUN (KAHRAMANMARAS),38.0297,36.4765,5.1, 5.0 km,8,10,48,30
SOGUTLU-PAZARCIK (KAHRAMANMARAS),37.4985,37.1972,3, 5.1 km,8,10,34,52
CALIS-ELBISTAN (KAHRAMANMARAS),38.1247,37.0097,3.4, 5.0 km,8,10,33,43
ORENCIK-DOGANSEHIR (MALATYA),37.9663,37.7598,3.8, 5.0 km,8,10,28,25
CERCIKAYA-BELEN (HATAY),36.3837,36.0697,3.6, 9.2 km,8,10,23,45
KAPILI-DORTYOL (HATAY),36.84,36.4207,3.7, 8.4 km,8,10,20,44
TATLAR-NURHAK (KAHRAMANMARAS),37.9997,37.5233,3.7, 5.1 km,8,10,15,7
CITLIK-ELBISTAN (KAHRAMANMARAS),38.229,37.258,3.9, 5.0 km,8,10,9,32
KAVSUT-GOKSUN (KAHRAMANMARAS),38.2608,36.5713,3,19.3 km,8,9,53,21
SURIYE,35.587,36.8205,3.3,23.8 km,8,9,35,17
TEKIR-(KAHRAMANMARAS),37.8988,36.5525,3.1, 5.0 km,8,9,23,57
GULUMUSAGI-(MALATYA),38.2017,38.4522,4.4, 1.0 km,8,9,8,34
KURUCAOVA-DOGANSEHIR (MALATYA),38.027,38.1168,3, 5.0 km,8,9,7,13
KURUCAOVA-DOGANSEHIR (MALATYA),38.0108,38.1217,3.6, 5.4 km,8,9,4,58
TOPRAKTEPE-DOGANSEHIR (MALATYA),38.0915,37.8557,3.4, 5.0 km,8,9,2,2
FINDIK-GOKSUN (KAHRAMANMARAS),38.0635,36.7427,4.2, 3.7 km,8,8,52,35
KUSKONDU-(BINGOL),39.0663,40.3583,3.2, 1.4 km,8,8,40,52
SAKCAGOZE-NURDAGI (GAZIANTEP),37.1722,36.9382,3, 6.4 km,8,8,34,7
CECELI-TURKOGLU (KAHRAMANMARAS),37.3362,36.8227,3.2, 4.1 km,8,8,26,13
TATLAR-NURHAK (KAHRAMANMARAS),38.019,37.5217,3.8, 5.0 km,8,7,58,7
KARAAHMET-GOKSUN (KAHRAMANMARAS),38.0288,36.5725,3.2, 1.5 km,8,7,51,24
GOVDELI-DOGANSEHIR (MALATYA),38.0493,37.5642,3.5, 2.5 km,8,7,44,25
KARAGOL-CELIKHAN (ADIYAMAN),38.099,38.4107,3.1, 2.5 km,8,7,39,29
HACIOMER-GOKSUN (KAHRAMANMARAS),38.0728,36.6215,3.2, 5.5 km,8,7,16,14
GOKSUN (KAHRAMANMARAS),37.9993,36.4998,3.6, 5.0 km,8,6,47,17
KAPIDERE-DOGANSEHIR (MALATYA),37.9813,37.646,4, 2.5 km,8,6,43,3
DOGANLIKARAHASAN-PAZARCIK (KAHRAMANMARAS),37.5013,37.1553,4, 4.8 km,8,6,39,42
EKBEROGLU-(KAHRAMANMARAS),37.3992,36.9958,3.3, 3.2 km,8,6,30,47
ARSLANBEY-PAZARCIK (KAHRAMANMARAS),37.3547,37.073,3.1, 5.0 km,8,6,23,8
HACIOMER-GOKSUN (KAHRAMANMARAS),38.0655,36.5935,4, 4.3 km,8,6,20,26
BOZGEDIK-CELIKHAN (ADIYAMAN),38.0748,38.2965,3, 7.9 km,8,6,10,1
KARAOMER-GOKSUN (KAHRAMANMARAS),38.1065,36.658,3.3,14.7 km,8,6,5,3
OLUCAK-NURDAGI (GAZIANTEP),37.175,36.6918,3.6,18.4 km,8,5,55,56
OLUKLU-YESILYURT (MALATYA),38.1912,38.1017,3, 5.0 km,8,5,51,37
COBANTEPE-TURKOGLU (KAHRAMANMARAS),37.3652,36.9203,3, 5.7 km,8,5,37,38
GOVDELI-DOGANSEHIR (MALATYA),38.0097,37.5982,3.8, 5.0 km,8,5,29,51
SURUTME-YAYLADAGI (HATAY),36.021,36.102,3.6, 3.6 km,8,5,21,16
SEKEROBA-TURKOGLU (KAHRAMANMARAS),37.258,36.7863,3.2, 4.9 km,8,5,10,13
KAMISCIK-GOKSUN (KAHRAMANMARAS),38.123,36.8587,3.4, 5.0 km,8,4,49,11
HACIMIRZA-GOKSUN (KAHRAMANMARAS),38.0488,36.5187,3.4, 5.0 km,8,4,46,43
GEDIKLI-NURDAGI (GAZIANTEP),37.222,36.8285,3.5, 6.1 km,8,4,42,7
FATMAKUYU-TUFANBEYLI (ADANA),38.1343,36.364,3.7, 5.0 km,8,4,36,36
IKIZKUYU-NURDAGI (GAZIANTEP),37.1303,36.9653,3,28.4 km,8,4,26,12
CIMENLI-YAVUZELI (GAZIANTEP),37.2918,37.5805,3.1, 6.7 km,8,4,23,9
TANDIR-ISLAHIYE (GAZIANTEP),36.9558,36.5272,3.8, 9.5 km,8,4,19,52
MADEN (ELAZIG),38.409,39.667,3.5, 5.0 km,8,4,3,53
HASBEY-PALU (ELAZIG),38.6848,40.1797,3.2, 5.0 km,8,3,51,37
KUMYAZI-MADEN (ELAZIG),38.5752,39.6802,3.7, 5.0 km,8,3,43,27
KAPIDERE-DOGANSEHIR (MALATYA),37.9887,37.6322,3.3, 1.9 km,8,3,39,44
BEGRE-DOGANSEHIR (MALATYA),38.0577,37.6628,3.2, 4.4 km,8,3,35,46
KIZILTEPE-MADEN (ELAZIG),38.4885,39.526,3.6,14.5 km,8,3,34,11
SEYITUSAGI-YESILYURT (MALATYA),38.2445,38.1953,3.2, 2.5 km,8,3,33,39
TAHTAKOPRU-(HATAY),36.3798,36.1385,3, 5.0 km,8,3,27,15
ORTAOREN-EKINOZU (KAHRAMANMARAS),38.0948,37.1443,3.8, 5.0 km,8,3,11,54
GOVDELI-DOGANSEHIR (MALATYA),38.0225,37.6107,3.1, 5.0 km,8,3,3,39
GOVDELI-DOGANSEHIR (MALATYA),38.0383,37.5837,3.5, 5.0 km,8,2,40,0
YENICEKOY-YAYLADAGI (HATAY),35.9732,36.0488,3.7, 8.3 km,8,2,38,29
AKDENIZ,36.1452,35.6978,3.2,16.2 km,8,2,35,49
SUCATI-DOGANSEHIR (MALATYA),38.2062,37.9863,3.4, 5.0 km,8,2,30,5
NURHAK (KAHRAMANMARAS),38.0357,37.4265,3.1, 2.2 km,8,2,28,33
KIRCAOGLU-KUMLU (HATAY),36.3753,36.5115,3.7,12.7 km,8,2,20,15
MAGARACIK-SAMANDAG (HATAY),36.0775,35.8118,4.2,14.8 km,8,2,13,2
KANLIKAVAK-GOKSUN (KAHRAMANMARAS),38.1052,36.597,3.7, 5.0 km,8,2,8,1
SOGUTLUBAHCE-SINCIK (ADIYAMAN),37.9507,38.6255,3.1, 7.8 km,8,2,3,30
ALIMPINAR-AFSIN (KAHRAMANMARAS),38.215,36.8688,3, 8.0 km,8,1,55,12
SOGUT-DOGANSEHIR (MALATYA),38.0427,37.7265,3.2, 6.1 km,8,1,54,20
AKCALI-TURKOGLU (KAHRAMANMARAS),37.3123,36.7983,3, 5.5 km,8,1,51,13
KAMAN-BAHCE (OSMANIYE),37.1665,36.6703,3.7, 5.4 km,8,1,47,48
ALICLIBUCAK-GOKSUN (KAHRAMANMARAS),38.0935,36.5312,3.9, 5.0 km,8,1,45,26
GOKSUN (KAHRAMANMARAS),38.021,36.4905,3.9, 5.0 km,8,1,32,48
SOGUT-DOGANSEHIR (MALATYA),38.1022,37.744,3.5, 5.0 km,8,1,30,43
KAYNAR-(KAHRAMANMARAS),37.8063,36.5853,3.2,16.3 km,8,1,25,21
TEKIR-(KAHRAMANMARAS),37.8945,36.6353,3.4, 5.3 km,8,1,24,19
ATALAR-YESILYURT (MALATYA),38.2032,38.1565,3.3, 8.8 km,8,1,18,50
SOGUTLU-PAZARCIK (KAHRAMANMARAS),37.497,37.2092,3.1, 5.4 km,8,1,11,3
HACIOMER-GOKSUN (KAHRAMANMARAS),38.0687,36.6113,3.3, 4.9 km,8,1,10,26
ORTATEPE-GOKSUN (KAHRAMANMARAS),38.0617,36.5372,3.9, 5.0 km,8,1,7,54
PINARHUYUK-TURKOGLU (KAHRAMANMARAS),37.3863,36.9588,3.7, 1.4 km,8,0,58,54
CAGLAYAN-GOKSUN (KAHRAMANMARAS),38.0462,36.4323,3.7, 3.5 km,8,0,53,35
CAMDERE-GOKSUN (KAHRAMANMARAS),38.1272,36.5825,3.2, 6.6 km,8,0,49,25
NURHAK (KAHRAMANMARAS),37.951,37.4847,3, 5.8 km,8,0,43,55
HAMZALAR-GOLBASI (ADIYAMAN),37.9315,37.6095,3.5, 5.0 km,8,0,24,33
BICIN-NURHAK (KAHRAMANMARAS),37.9348,37.4097,4.9, 4.6 km,8,0,21,25
SOGUTLU-PAZARCIK (KAHRAMANMARAS),37.509,37.1867,3.8, 7.8 km,8,0,4,52
DONGEL-(KAHRAMANMARAS),37.8795,36.6727,3.9, 5.8 km,8,0,0,36
ALTINTAS-CELIKHAN (ADIYAMAN),38.1193,38.2655,3.1, 3.0 km,7,23,53,6
ELMALI-GOKSUN (KAHRAMANMARAS),37.9908,36.6165,3.4, 5.0 km,7,23,52,1
DONGEL-(KAHRAMANMARAS),37.8773,36.6673,3.3, 5.3 km,7,23,49,59
TOPRAKTEPE-DOGANSEHIR (MALATYA),38.1047,37.8378,3, 5.4 km,7,23,48,59
KARACAY-PAZARCIK (KAHRAMANMARAS),37.3715,37.1095,3.2, 7.5 km,7,23,47,33
ORTATEPE-GOKSUN (KAHRAMANMARAS),38.055,36.5542,3.7, 5.0 km,7,23,42,45
INCIRLI-PAZARCIK (KAHRAMANMARAS),37.4755,37.3318,3.4,22.5 km,7,23,40,32
CUKURHISAR-(KAHRAMANMARAS),37.8247,36.5862,3.7, 7.5 km,7,23,32,22
RESADIYE-DOGANSEHIR (MALATYA),37.962,38.0245,3, 5.2 km,7,23,27,50
GUMUSDOVEN-ELBISTAN (KAHRAMANMARAS),38.0947,37.2403,3.8, 5.0 km,7,23,24,34
SUNNETKOY-ELBISTAN (KAHRAMANMARAS),38.0838,37.4905,3, 8.9 km,7,23,22,19
KIRLANGIC-YESILYURT (MALATYA),38.2388,38.0722,3, 5.0 km,7,23,13,57
YESILOVA-(HATAY),36.2723,36.2597,3.6, 3.0 km,7,23,9,50
ORTATEPE-GOKSUN (KAHRAMANMARAS),38.0608,36.5465,3.3, 5.0 km,7,23,1,16
GOLBAGI-CELIKHAN (ADIYAMAN),38.0687,38.2133,3.5, 3.9 km,7,22,57,10
YESILBAYIR-PALU (ELAZIG),38.6655,39.9365,4.7, 5.0 km,7,22,54,21
FINDIKKOY-DOGANSEHIR (MALATYA),38.1105,37.767,3, 4.1 km,7,22,44,2
HALKACAYIRI-(KAHRAMANMARAS),37.4097,37.072,3.1, 6.6 km,7,22,40,24
BARIS-NURHAK (KAHRAMANMARAS),38.0165,37.3288,3.3, 5.0 km,7,22,37,38
TAHIRBEY-GOKSUN (KAHRAMANMARAS),38.1315,36.4728,3.7, 5.0 km,7,22,33,46
CUMHURIYETCI-MADEN (ELAZIG),38.5152,39.658,3.4, 9.0 km,7,22,30,16
FINDIKKOY-DOGANSEHIR (MALATYA),38.1392,37.8097,3.6, 2.7 km,7,22,24,27
KARADUT-GOKSUN (KAHRAMANMARAS),38.069,36.938,4.5, 5.3 km,7,22,13,48
AGCASAR-NURHAK (KAHRAMANMARAS),38.083,37.4165,3.3, 2.2 km,7,22,7,2
YENIKAPI-(ELAZIG),38.5915,39.39,3.5,16.8 km,7,21,55,52
HACIMIRZA-GOKSUN (KAHRAMANMARAS),38.042,36.5098,3.3, 5.4 km,7,21,43,21
POLAT-DOGANSEHIR (MALATYA),38.1622,37.8942,3.4, 3.5 km,7,21,38,41
NADIRKOY-AFSIN (KAHRAMANMARAS),38.1628,36.9585,3.1, 5.0 km,7,21,36,23
YUKARIKARAKUYU-GOLBASI (ADIYAMAN),37.684,37.677,3.1, 5.0 km,7,21,33,0
HACIMIRZA-GOKSUN (KAHRAMANMARAS),38.0458,36.4935,3.2,12.0 km,7,21,23,50
POLAT-DOGANSEHIR (MALATYA),38.1533,37.8547,3.9, 4.9 km,7,21,12,25
KANLIKAVAK-GOKSUN (KAHRAMANMARAS),38.1028,36.6345,5.3, 5.0 km,7,21,9,58
CAGLAYAN-GOKSUN (KAHRAMANMARAS),38.03,36.4312,3.9, 5.0 km,7,20,53,49
GUMUSDOVEN-ELBISTAN (KAHRAMANMARAS),38.0852,37.2477,3.6, 5.0 km,7,20,52,39
KAMISCIK-GOKSUN (KAHRAMANMARAS),38.1122,36.88,3.9, 5.2 km,7,20,46,56
KAHTA (ADIYAMAN),37.7845,38.624,3.6, 8.3 km,7,20,42,39
BEGRE-DOGANSEHIR (MALATYA),38.0265,37.6578,4, 5.0 km,7,20,37,58
COBANLI-(KAHRAMANMARAS),37.7088,36.9705,3.1, 9.9 km,7,20,25,7
KARAGOL-CELIKHAN (ADIYAMAN),38.0995,38.4198,3.2, 4.8 km,7,20,20,36
KARAKOSE-SINCIK (ADIYAMAN),38.0927,38.4765,3.5, 2.1 km,7,20,17,9
KARAOMER-GOKSUN (KAHRAMANMARAS),38.1123,36.6568,3.1,19.4 km,7,20,3,50
KARADUT-GOKSUN (KAHRAMANMARAS),38.117,36.9903,3.2, 5.0 km,7,20,2,54
TATLAR-NURHAK (KAHRAMANMARAS),38.0208,37.5118,3.6, 5.0 km,7,19,54,30
YAGMURLU-GOKSUN (KAHRAMANMARAS),38.069,36.5648,3.8, 5.0 km,7,19,49,12
ARSLANBEY-PAZARCIK (KAHRAMANMARAS),37.3478,37.0718,3.4, 7.1 km,7,19,36,45
DEMIRCILIK-ELBISTAN (KAHRAMANMARAS),38.224,37.3278,4.2, 5.0 km,7,19,30,39
AKPINAR-EKINOZU (KAHRAMANMARAS),38.1187,37.2148,3.1, 6.7 km,7,19,22,15
ERKENEK-DOGANSEHIR (MALATYA),37.8865,37.9248,3.1, 5.0 km,7,19,11,45
GOVDELI-DOGANSEHIR (MALATYA),38.0002,37.607,3.6, 5.4 km,7,19,7,36
AGCASAR-NURHAK (KAHRAMANMARAS),38.0507,37.3695,3.8, 4.2 km,7,18,59,48
TASOLUK-GOKSUN (KAHRAMANMARAS),37.9888,36.4592,5, 1.4 km,7,18,48,52
ARSLANBEY-PAZARCIK (KAHRAMANMARAS),37.3555,37.0788,5, 4.0 km,7,18,31,28
SENLIK-LICE (DIYARBAKIR),38.5162,40.4223,3.9, 7.8 km,7,18,23,50
SOYSALLI-EKINOZU (KAHRAMANMARAS),38.089,37.0963,3.3, 5.3 km,7,18,6,52
YESILYAYLA-CELIKHAN (ADIYAMAN),38.0218,38.3147,3.1, 2.7 km,7,17,44,31
KUMARLI-(KAHRAMANMARAS),37.8687,36.5137,3.8, 5.3 km,7,17,34,46
ESENCE-AFSIN (KAHRAMANMARAS),38.1527,36.8953,3.4, 7.8 km,7,17,24,42
KIRECKOY-GOKSUN (KAHRAMANMARAS),37.9818,36.494,4.1, 4.6 km,7,17,23,16
YUVA-GURUN (SIVAS),38.7903,37.4272,3, 5.0 km,7,16,59,44
TAHTAKOPRU-(HATAY),36.3795,36.1353,3.8, 7.9 km,7,16,56,1
SARIKIZ-HEKIMHAN (MALATYA),38.8403,37.864,3.2, 5.0 km,7,16,46,11
CAYKOY-PUTURGE (MALATYA),38.2512,38.6915,3.5, 5.0 km,7,16,42,32
MAGARACIK-SAMANDAG (HATAY),36.0963,35.793,4.3,31.3 km,7,16,36,44
TEMURAGA-GOKSUN (KAHRAMANMARAS),38.0415,36.5705,3.7, 4.4 km,7,16,35,48
ALICLIBUCAK-GOKSUN (KAHRAMANMARAS),38.09,36.5482,4.1, 5.4 km,7,16,34,10
CIT-KEMALIYE (ERZINCAN),39.0973,38.606,3.2, 5.0 km,7,16,23,28
HACIOMER-GOKSUN (KAHRAMANMARAS),38.068,36.6023,3.3, 5.0 km,7,16,8,47
ESKIKOY-DOGANSEHIR (MALATYA),38.1052,38.0212,3.1, 5.0 km,7,16,3,59
IKINCILER-AKCADAG (MALATYA),38.2773,37.9608,3.6, 5.0 km,7,15,53,14
DEDEKOY-AKCADAG (MALATYA),38.2313,37.973,3.7, 5.0 km,7,15,43,41
DOGANLI-PAZARCIK (KAHRAMANMARAS),37.4087,37.1358,3.4, 5.4 km,7,15,35,48
ALICLIBUCAK-GOKSUN (KAHRAMANMARAS),38.0888,36.5532,3.2, 5.0 km,7,15,27,13
ICERISU-NURDAGI (GAZIANTEP),37.1727,36.8665,3.1,17.9 km,7,15,24,35
TATLAR-NURHAK (KAHRAMANMARAS),37.9815,37.5558,3.2, 5.0 km,7,15,4,23
OZCANLI-ELBISTAN (KAHRAMANMARAS),38.1197,37.2923,3.2, 5.9 km,7,14,59,21
KULLAR-NURHAK (KAHRAMANMARAS),37.9968,37.482,4, 5.0 km,7,14,55,19
YAGMURLU-GOKSUN (KAHRAMANMARAS),38.076,36.557,3.6, 7.2 km,7,14,47,36
KAZANLIPINAR-(KAHRAMANMARAS),37.636,37.2323,3.6,11.5 km,7,14,38,52
ARMUTALAN-ELBISTAN (KAHRAMANMARAS),38.0912,37.6877,3, 5.0 km,7,14,34,48
GUVENC-HEKIMHAN (MALATYA),38.9023,37.9535,3.6, 5.0 km,7,14,32,9
CAVUSLU-DOGANSEHIR (MALATYA),38.155,37.7368,3.7, 5.0 km,7,14,24,35
DEREKOY-HEKIMHAN (MALATYA),38.917,37.8652,3.6, 5.0 km,7,14,20,11
SOGUTLU-PAZARCIK (KAHRAMANMARAS),37.4958,37.1863,3,13.3 km,7,14,12,19
SUNNETKOY-ELBISTAN (KAHRAMANMARAS),38.0632,37.4718,4.2, 5.0 km,7,14,1,11
DONGEL-(KAHRAMANMARAS),37.852,36.6282,4.4, 3.2 km,7,13,56,29
SAHINKAYASI-(KAHRAMANMARAS),37.8732,36.6982,3.2, 4.6 km,7,13,47,32
OREN-AKCADAG (MALATYA),38.2452,37.9093,3.5,13.9 km,7,13,44,51
KUSDOGAN-YESILYURT (MALATYA),38.3478,38.1357,4.7, 6.5 km,7,13,27,30
AKSU-SINCIK (ADIYAMAN),38.1435,38.5183,5.4, 9.7 km,7,13,18,12
ULUKOY-(MALATYA),38.1618,38.5587,3.5, 9.3 km,7,13,15,1
GUZELKOY-DOGANSEHIR (MALATYA),38.0113,38.0627,3.5, 4.4 km,7,13,10,44
AKPINAR-EKINOZU (KAHRAMANMARAS),38.0978,37.2215,3.6, 5.0 km,7,13,5,35
MISIRDERE-YAZIHAN (MALATYA),38.5437,38.1397,3.3,30.0 km,7,13,3,58
MEHMETBEY-GOKSUN (KAHRAMANMARAS),38.0722,36.4703,3.9, 5.0 km,7,13,3,16
MURSEL-GOKSUN (KAHRAMANMARAS),38.1178,36.3918,3.8, 1.0 km,7,12,53,30
HURRIYET-PAZARCIK (KAHRAMANMARAS),37.3528,37.41,3.3, 5.0 km,7,12,46,46
YESILYURT-TURKOGLU (KAHRAMANMARAS),37.2342,36.7603,3.5, 4.9 km,7,12,16,33
ALTINLI-AKCADAG (MALATYA),38.2815,38.0022,3.4, 5.0 km,7,11,57,25
ALTAS-AFSIN (KAHRAMANMARAS),38.1648,36.9667,3.1, 5.0 km,7,11,46,12
YANTEPE-GOKSUN (KAHRAMANMARAS),38.031,36.5508,3.7, 9.9 km,7,11,43,26
CUMHURIYET-YESILYURT (MALATYA),38.236,38.0198,3.4, 5.0 km,7,11,34,20
SOGUTLU-PUTURGE (MALATYA),38.2312,38.6178,4.1, 2.6 km,7,11,31,31
KULLAR-NURHAK (KAHRAMANMARAS),38.0077,37.4765,4.4, 5.0 km,7,11,25,45
SOGUTLU-PUTURGE (MALATYA),38.1917,38.5815,3.8, 5.0 km,7,11,18,8
TATLAR-NURHAK (KAHRAMANMARAS),38.0778,37.5377,3.8, 3.3 km,7,11,13,14
TASBURUN-ELBISTAN (KAHRAMANMARAS),38.1565,37.2197,3.4, 4.0 km,7,11,8,49
ARPALIUSAGI-HASSA (HATAY),36.7723,36.4443,4, 5.0 km,7,10,54,23
ESENLER-ISLAHIYE (GAZIANTEP),36.8813,36.5118,3.9, 5.0 km,7,10,45,5
KAVAKLIDERE-PUTURGE (MALATYA),38.227,38.6652,3.1, 5.0 km,7,10,40,8
SOGUKPINAR-GOKSUN (KAHRAMANMARAS),38.0988,36.3867,3.2,16.4 km,7,10,31,16
TAPKIRANKALE-ELBISTAN (KAHRAMANMARAS),38.1385,37.6302,4.3, 4.0 km,7,10,26,34
KOZLUK-PUTURGE (MALATYA),38.093,38.6093,5.5, 5.0 km,7,10,11,12
NURDAGI (GAZIANTEP),37.1683,36.7253,3.4,17.2 km,7,9,58,19
KURSUNLU-HEKIMHAN (MALATYA),38.645,37.8532,3.4, 5.0 km,7,9,56,29
DARICA-AKCADAG (MALATYA),38.3348,37.668,4.5, 2.1 km,7,9,48,51
ACIELMA-GOKSUN (KAHRAMANMARAS),38.0165,36.4072,4.4, 5.0 km,7,9,40,52
FINDIKKOY-DOGANSEHIR (MALATYA),38.1312,37.7762,3.5, 4.7 km,7,9,35,57
NURHAK (KAHRAMANMARAS),37.9732,37.4513,3.3, 6.3 km,7,9,31,34
HACIBEBEK-TURKOGLU (KAHRAMANMARAS),37.3312,36.8883,4, 5.0 km,7,9,26,11
OLUKLU-YESILYURT (MALATYA),38.2127,38.1327,4.2, 5.5 km,7,9,15,20
TATLAR-NURHAK (KAHRAMANMARAS),38.0217,37.5177,4.1, 3.0 km,7,9,13,53
AGCASAR-NURHAK (KAHRAMANMARAS),38.0542,37.3593,3.4, 5.0 km,7,9,11,45
BAKIS-ELBISTAN (KAHRAMANMARAS),38.1265,37.4072,3.8, 5.0 km,7,8,55,30
TOPRAKTEPE-DOGANSEHIR (MALATYA),38.0952,37.8452,3.7,29.5 km,7,8,53,53
KARAAGAC-ARSUZ (HATAY),36.58,36.1203,4.4, 5.0 km,7,8,26,35
KARLISU-(HATAY),36.3008,36.097,4.6, 5.0 km,7,8,26,29
GULUMUSAGI-(MALATYA),38.2152,38.5188,3.7, 7.1 km,7,8,20,36
KANLIKAVAK-GOKSUN (KAHRAMANMARAS),38.091,36.6305,3.2, 7.0 km,7,7,50,26
HASANLOK-ISLAHIYE (GAZIANTEP),36.9102,36.5015,4.5, 5.0 km,7,7,42,2
FINDIK-GOKSUN (KAHRAMANMARAS),38.0478,36.7353,3.3, 7.9 km,7,7,24,15
YAZIDERE-AFSIN (KAHRAMANMARAS),38.1587,36.9933,3.1, 5.9 km,7,7,20,28
HACIMIRZA-GOKSUN (KAHRAMANMARAS),38.0325,36.503,3.1, 7.6 km,7,7,18,50
TATLAR-NURHAK (KAHRAMANMARAS),37.991,37.539,4.2, 2.7 km,7,7,16,39
ULUKOY-(MALATYA),38.1825,38.4982,3.2, 8.7 km,7,7,13,14
CIFTLIKKOY-EKINOZU (KAHRAMANMARAS),37.9453,37.184,3.3, 9.3 km,7,7,3,31
YENIYURT-(KAHRAMANMARAS),37.4262,37.0538,3.7, 5.0 km,7,7,2,15
YALINKAYA-YESILYURT (MALATYA),38.0883,38.148,3.9, 5.3 km,7,6,55,50
KELIBISLER-PAZARCIK (KAHRAMANMARAS),37.335,37,3, 5.0 km,7,6,42,12
NARLICA-(HATAY),36.2378,36.2092,4.3, 5.2 km,7,6,36,58
MINEHUYUK-TURKOGLU (KAHRAMANMARAS),37.2913,36.8742,3.1, 5.7 km,7,6,20,14
BESENLI-(KAHRAMANMARAS),37.6592,37.2217,4.2, 5.0 km,7,6,16,16
CATALTEPE-GOLBASI (ADIYAMAN),37.83,37.629,5.6, 2.3 km,7,6,13,13
KAPIDERE-DOGANSEHIR (MALATYA),37.9615,37.6043,5, 5.4 km,7,6,8,57
ARMUTALAN-ELBISTAN (KAHRAMANMARAS),38.1295,37.7013,3.4, 5.0 km,7,6,7,18
AGCASAR-NURHAK (KAHRAMANMARAS),38.0462,37.3777,3.2, 5.0 km,7,6,5,34
GORGU-YESILYURT (MALATYA),38.2853,38.1218,3.4, 5.0 km,7,6,0,26
YUVALI-DOGANSEHIR (MALATYA),38.1875,37.9273,3.7, 5.7 km,7,5,55,56
YAYLADAGI (HATAY),35.8758,36.0493,4.7, 5.0 km,7,5,47,34
KARADUT-GOKSUN (KAHRAMANMARAS),38.082,36.9362,4.2, 5.3 km,7,5,43,27
OLUCAK-NURDAGI (GAZIANTEP),37.1938,36.6968,3.3, 5.3 km,7,5,41,56
TAPKIRANKALE-ELBISTAN (KAHRAMANMARAS),38.11,37.6548,3.6, 5.3 km,7,5,35,24
CUKURHISAR-(KAHRAMANMARAS),37.838,36.5852,3.8, 5.0 km,7,5,34,37
YAPILIPINAR-ELBISTAN (KAHRAMANMARAS),38.3042,37.5125,3.3, 5.0 km,7,5,26,51
HORHOR-ELBISTAN (KAHRAMANMARAS),38.5477,37.3053,3.7, 3.7 km,7,5,17,13
HACIMIRZA-GOKSUN (KAHRAMANMARAS),38.0397,36.508,3.1, 4.6 km,7,5,4,59
GUROBASI-DOGANSEHIR (MALATYA),38.1015,37.9587,3.4, 5.0 km,7,5,1,51
RESADIYE-DOGANSEHIR (MALATYA),37.9855,37.9972,3.6, 5.0 km,7,4,58,4
DOGANLI-PAZARCIK (KAHRAMANMARAS),37.4125,37.1328,3.4, 6.7 km,7,4,51,46
TATLAR-NURHAK (KAHRAMANMARAS),38.0413,37.4745,3, 6.6 km,7,4,45,37
DENIZLI-PAZARCIK (KAHRAMANMARAS),37.4117,37.0997,4.4,10.0 km,7,4,34,29
GOVDELI-DOGANSEHIR (MALATYA),38.0607,37.6073,4.1, 8.4 km,7,4,33,58
CAGLAYAN-GOKSUN (KAHRAMANMARAS),38.0533,36.4388,3.9, 5.0 km,7,4,32,0
HACIMIRZA-GOKSUN (KAHRAMANMARAS),38.0447,36.5283,3.1, 5.4 km,7,4,18,8
GOVDELI-DOGANSEHIR (MALATYA),38.0282,37.5807,3.1,17.5 km,7,4,8,25
TATLAR-NURHAK (KAHRAMANMARAS),38.022,37.5237,3.2, 9.2 km,7,4,0,17
AGCASAR-NURHAK (KAHRAMANMARAS),38.0418,37.4117,3.6, 4.2 km,7,3,55,34
KARATERZI-DOGANSEHIR (MALATYA),38.1833,37.8723,3.3, 8.0 km,7,3,53,31
CANKARA-GOLBASI (ADIYAMAN),37.8832,37.8902,3.2, 5.0 km,7,3,46,47
KANLIKAVAK-GOKSUN (KAHRAMANMARAS),38.1213,36.6128,3.9, 4.7 km,7,3,40,8
ULUKOY-(MALATYA),38.1798,38.5345,3.6, 9.3 km,7,3,38,16
YENIYURT-(KAHRAMANMARAS),37.4477,37.0548,3.8, 5.5 km,7,3,29,15
KARAOMER-GOKSUN (KAHRAMANMARAS),38.1453,36.6972,3.7, 3.0 km,7,3,26,20
CARDAK-GOKSUN (KAHRAMANMARAS),38.0983,36.8077,4, 5.4 km,7,3,23,43
CEVREPINAR-(KAHRAMANMARAS),37.8552,36.6077,3.9, 5.0 km,7,3,20,14
BEYOGLU-TURKOGLU (KAHRAMANMARAS),37.2883,36.7968,3.7, 4.0 km,7,3,15,19
HACIMIRZA-GOKSUN (KAHRAMANMARAS),38.035,36.526,3.2, 5.2 km,7,3,12,18
AKTOPRAK-GOLBASI (ADIYAMAN),37.8725,37.7108,3.3,16.8 km,7,3,11,34
OVAKENT-(HATAY),36.3843,36.2383,3.5, 4.8 km,7,3,5,40
OVACIK-ELBISTAN (KAHRAMANMARAS),38.4125,37.2062,3.5, 5.0 km,7,3,3,45
DENIZLI-PAZARCIK (KAHRAMANMARAS),37.4352,37.093,3.4, 5.8 km,7,3,1,2
NURHAK (KAHRAMANMARAS),38.0423,37.439,3.6, 3.7 km,7,2,56,3
KARAOMER-GOKSUN (KAHRAMANMARAS),38.1052,36.7183,3.6, 5.4 km,7,2,54,15
AGCASAR-NURHAK (KAHRAMANMARAS),38.0782,37.3888,3,24.2 km,7,2,48,34
DEGIRMITAS-YAVUZELI (GAZIANTEP),37.3495,37.4865,3.1,23.2 km,7,2,43,30
YUVALI-DOGANSEHIR (MALATYA),38.1905,37.9302,3.2, 5.0 km,7,2,41,13
AKOREN-ELBISTAN (KAHRAMANMARAS),38.242,37.2323,3.4, 5.0 km,7,2,36,23
SATIRHUYUK-NURDAGI (GAZIANTEP),37.229,36.954,3.1, 8.7 km,7,2,31,31
AKDENIZ,35.8628,35.0677,3.9, 9.5 km,7,2,29,20
FINDIKKOY-DOGANSEHIR (MALATYA),38.1027,37.7762,3.4, 8.4 km,7,2,27,11
TEMURAGA-GOKSUN (KAHRAMANMARAS),38.0518,36.558,3.4, 5.0 km,7,2,17,11
GUZELYURT-(KAHRAMANMARAS),37.486,37.0078,3,16.9 km,7,2,12,56
ORTAOREN-EKINOZU (KAHRAMANMARAS),38.1047,37.1343,3.2,12.4 km,7,2,11,38
YALAKKOY-ELBISTAN (KAHRAMANMARAS),38.2733,37.4833,3.4,20.5 km,7,2,5,53
ARMUTALAN-ELBISTAN (KAHRAMANMARAS),38.1262,37.7282,3.3, 5.3 km,7,2,1,56
GORGU-YESILYURT (MALATYA),38.2947,38.1053,3.2, 2.1 km,7,1,59,5
YIRICEK-GOKSUN (KAHRAMANMARAS),38.0103,36.4663,3.1, 1.6 km,7,1,51,16
ASLANBEYCIFTLIGI-GOKSUN (KAHRAMANMARAS),38.0127,36.5365,3.8, 5.0 km,7,1,44,53
YAGMURLU-GOKSUN (KAHRAMANMARAS),38.0642,36.5588,3, 5.1 km,7,1,41,9
CATOVA-ELBISTAN (KAHRAMANMARAS),38.2657,37.1812,3.2, 8.2 km,7,1,41,3
GOVDELI-DOGANSEHIR (MALATYA),38.0653,37.585,3.3, 5.3 km,7,1,37,39
NURHAK (KAHRAMANMARAS),38.028,37.4318,3.8, 5.0 km,7,1,34,21
CAMDERE-GOKSUN (KAHRAMANMARAS),38.1128,36.526,4.4, 5.0 km,7,1,29,39
DARICA-AKCADAG (MALATYA),38.3277,37.681,3.9, 5.0 km,7,1,28,6
NURHAK (KAHRAMANMARAS),37.9773,37.4153,4.3, 3.6 km,7,1,26,18
AGCASAR-NURHAK (KAHRAMANMARAS),38.084,37.341,3.5, 5.2 km,7,1,23,35
NURHAK (KAHRAMANMARAS),38.0328,37.4505,3.2, 2.3 km,7,1,19,54
DURULDU-(MALATYA),38.3218,38.1713,4.4, 7.5 km,7,1,11,36
KEMALPASA-GOKSUN (KAHRAMANMARAS),38.0982,36.9202,3.8, 5.0 km,7,1,9,51
KARABAHSILI-GOLBASI (ADIYAMAN),37.8935,37.739,3.3, 3.7 km,7,1,6,15
CANKARA-GOLBASI (ADIYAMAN),37.8963,37.8733,3.7, 2.5 km,7,1,2,47
ORTATEPE-GOKSUN (KAHRAMANMARAS),38.0568,36.5238,5.1, 2.0 km,7,0,57,43
BOZHUYUK-GOKSUN (KAHRAMANMARAS),38.1733,36.5183,3.2, 5.3 km,7,0,54,57
ORTATEPE-GOKSUN (KAHRAMANMARAS),38.0725,36.5153,4, 5.0 km,7,0,41,25
KARABURCLU-NURDAGI (GAZIANTEP),37.1418,36.7352,3.8, 7.0 km,7,0,38,45
TATLAR-NURHAK (KAHRAMANMARAS),38.0317,37.5607,3.5, 4.7 km,7,0,28,10
HASANKENDI-ELBISTAN (KAHRAMANMARAS),38.2335,37.1547,3,10.7 km,7,0,23,32
GORGU-YESILYURT (MALATYA),38.2605,38.1145,3.7, 3.0 km,7,0,19,46
SOYSALLI-EKINOZU (KAHRAMANMARAS),38.0708,37.0447,4.9, 5.0 km,7,0,15,16
MAKSUTUSAGI-PAZARCIK (KAHRAMANMARAS),37.399,37.1047,3.6, 1.3 km,7,0,12,57
NARLI-PAZARCIK (KAHRAMANMARAS),37.4008,37.1177,3.2, 3.3 km,7,0,6,31
KARAOMER-GOKSUN (KAHRAMANMARAS),38.1312,36.6692,3.4, 4.2 km,7,0,5,12
YENIKOY-SAIMBEYLI (ADANA),37.9933,36.1778,3.9, 3.1 km,6,23,58,14
TASOLUK-GOKSUN (KAHRAMANMARAS),37.9792,36.4438,3.4, 5.4 km,6,23,55,47
YUKSEKOREN-ALADAG (ADANA),37.4157,35.4068,3.8, 5.0 km,6,23,44,14
KIRECKOY-GOKSUN (KAHRAMANMARAS),37.9827,36.4945,5, 1.8 km,6,23,43,59
EMIROGLU-PAZARCIK (KAHRAMANMARAS),37.303,37.0628,5.3, 6.3 km,6,23,37,51
KUCUKLU-DOGANSEHIR (MALATYA),37.9993,37.7007,3.3, 5.8 km,6,23,35,3
CAYIRKOY-YESILYURT (MALATYA),38.3587,38.1062,3.3, 5.0 km,6,23,28,11
PINARBASI-CELIKHAN (ADIYAMAN),38.0537,38.1132,3.8, 5.3 km,6,23,26,12
KARSIYAKA-PUTURGE (MALATYA),38.2932,38.7768,4.4, 5.0 km,6,23,23,11
CAGLAYAN-GOKSUN (KAHRAMANMARAS),38.0583,36.4342,3.2, 5.0 km,6,23,21,53
TATLAR-NURHAK (KAHRAMANMARAS),38.0758,37.5427,3.1,12.4 km,6,23,20,53
SOGUKPINAR-GOKSUN (KAHRAMANMARAS),38.0333,36.4058,4.4, 5.0 km,6,23,14,10
CAVUSLU-DOGANSEHIR (MALATYA),38.2033,37.7832,4, 5.0 km,6,23,8,31
ARMUTALAN-ELBISTAN (KAHRAMANMARAS),38.1372,37.683,3.6, 5.9 km,6,23,5,23
KUMARLI-(KAHRAMANMARAS),37.8733,36.5292,3.5, 5.0 km,6,23,2,25
KUMARLI-(KAHRAMANMARAS),37.868,36.5258,3.6, 5.0 km,6,22,57,59
GOKSU-SOLHAN (BINGOL),39.0175,41.1005,3.7, 5.0 km,6,22,51,17
CAMDERE-GOKSUN (KAHRAMANMARAS),38.0955,36.5518,4.4, 5.0 km,6,22,49,39
ASLANBEYCIFTLIGI-GOKSUN (KAHRAMANMARAS),37.9783,36.5487,3.7, 2.9 km,6,22,47,57
CAVUSLU-DOGANSEHIR (MALATYA),38.1455,37.7295,3.9, 5.0 km,6,22,43,41
YALINKAYA-YESILYURT (MALATYA),38.1078,38.0847,4.7, 1.8 km,6,22,40,16
CAVUSLU-DOGANSEHIR (MALATYA),38.1737,37.7465,3.5, 2.6 km,6,22,37,36
SEYRANTEPE-PAZARCIK (KAHRAMANMARAS),37.4702,37.1305,4.4, 5.0 km,6,22,35,50
CAMLICA-(KAHRAMANMARAS),37.9623,36.7942,3.6, 5.0 km,6,22,25,0
AGCASAR-NURHAK (KAHRAMANMARAS),38.0765,37.3265,3.4, 4.9 km,6,22,18,58
AGCASAR-NURHAK (KAHRAMANMARAS),38.0495,37.4475,4.1, 5.0 km,6,22,12,31
YALINKAYA-YESILYURT (MALATYA),38.1205,38.1235,3.1, 7.9 km,6,21,55,52
KURUCAOVA-DOGANSEHIR (MALATYA),38.018,38.079,3.5, 2.0 km,6,21,53,37
SURIYE,36.6443,36.7807,3.6,18.7 km,6,21,51,16
GORGU-YESILYURT (MALATYA),38.2835,38.1372,4.2, 5.0 km,6,21,48,47
KORKMAZ-GOKSUN (KAHRAMANMARAS),38.0917,36.7588,3.3, 5.0 km,6,21,41,38
PINARBASI-CELIKHAN (ADIYAMAN),38.0095,38.1712,4.2,22.8 km,6,21,32,39
GOZPINAR-EKINOZU (KAHRAMANMARAS),38.0422,37.2627,3.3, 5.0 km,6,21,26,45
ULUKOY-(MALATYA),38.1755,38.5422,4.2, 7.3 km,6,21,17,49
MEHMETBEY-GOKSUN (KAHRAMANMARAS),38.0815,36.4372,5.3, 5.0 km,6,21,3,53
YENIYAPAN-GOKSUN (KAHRAMANMARAS),38.1753,36.6147,4.6, 7.9 km,6,21,2,44
SIVRICEHUYUK-(KAHRAMANMARAS),37.4285,36.9872,3.6, 5.4 km,6,20,54,33
DEDEYAZI-DOGANSEHIR (MALATYA),38.1987,37.8245,4.5, 7.1 km,6,20,46,49
ESENCE-AFSIN (KAHRAMANMARAS),38.1615,36.9075,3.9, 5.6 km,6,20,44,29
SOGUCAK-AFSIN (KAHRAMANMARAS),38.1583,36.9127,3.8,16.9 km,6,20,37,24
KARTAL-(KAHRAMANMARAS),37.5012,37.1313,3.5, 4.5 km,6,20,33,3
ELBISTANHUYUGU-ISLAHIYE (GAZIANTEP),37.1148,36.7328,4.6, 5.3 km,6,20,31,33
MAHMUTBEY-GOKSUN (KAHRAMANMARAS),38.1047,36.4972,3.9, 4.4 km,6,20,22,2
ORTATEPE-GOKSUN (KAHRAMANMARAS),38.058,36.4968,3.5, 8.2 km,6,20,16,16
BAKIS-ELBISTAN (KAHRAMANMARAS),38.1157,37.3847,4.3, 5.0 km,6,20,11,47
KULLU-(OSMANIYE),36.9267,36.446,3,26.5 km,6,20,6,52
KIRAZLIYURT-TUFANBEYLI (ADANA),38.1065,36.3048,3.6, 1.5 km,6,19,59,26
DEVEBOYNU-AFSIN (KAHRAMANMARAS),38.139,36.7907,4,15.6 km,6,19,53,43
SOGUKPINAR-GOKSUN (KAHRAMANMARAS),38.0573,36.388,3.8, 5.0 km,6,19,46,37
YIRICEK-GOKSUN (KAHRAMANMARAS),38.0077,36.4658,5.2, 5.0 km,6,19,43,27
SULEYMANLI-(KAHRAMANMARAS),37.9282,36.8213,3.6,17.4 km,6,19,32,12
COBANTEPE-TURKOGLU (KAHRAMANMARAS),37.3727,36.9295,4.3, 7.0 km,6,19,28,8
YANTEPE-GOKSUN (KAHRAMANMARAS),38.0395,36.5572,3.9, 6.8 km,6,19,22,44
CUKURKISLA-TUFANBEYLI (ADANA),38.1437,36.304,3.9, 3.8 km,6,19,21,46
HACIBEBEK-TURKOGLU (KAHRAMANMARAS),37.3503,36.9288,3.6, 9.3 km,6,19,12,56
SOYSALLI-EKINOZU (KAHRAMANMARAS),38.1047,37.063,3.9, 5.0 km,6,19,6,42
OZCANLI-ELBISTAN (KAHRAMANMARAS),38.088,37.2853,3.7, 5.0 km,6,19,2,13
TATLAR-NURHAK (KAHRAMANMARAS),38.0633,37.5183,4, 5.0 km,6,18,59,25
ORDEKDEDE-PAZARCIK (KAHRAMANMARAS),37.3128,37.086,3,11.4 km,6,18,54,4
CAMLICA-(KAHRAMANMARAS),37.9627,36.7203,3.8,21.0 km,6,18,48,1
SEYITUSAGI-YESILYURT (MALATYA),38.2837,38.155,5.5, 1.0 km,6,18,33,32
KAYADIBI-AKCADAG (MALATYA),38.4733,37.7928,5.2,22.0 km,6,18,14,28
TATLAR-NURHAK (KAHRAMANMARAS),38.034,37.535,4.1, 5.0 km,6,18,8,6
HAMZALAR-GOLBASI (ADIYAMAN),37.9258,37.667,3.8, 9.8 km,6,17,55,28
AKSU-SINCIK (ADIYAMAN),38.1317,38.4755,4.4, 3.9 km,6,17,51,14
ERICEK-GENC (BINGOL),38.5915,40.2987,3.2, 7.6 km,6,17,45,12
CAVUSLU-DOGANSEHIR (MALATYA),38.1797,37.7755,4.2, 5.5 km,6,17,41,56
SEYITUSAGI-YESILYURT (MALATYA),38.241,38.1558,4.1, 3.4 km,6,17,20,51
NURHAK (KAHRAMANMARAS),37.9993,37.4345,4.6, 1.8 km,6,17,10,9
MAHMUTBEY-GOKSUN (KAHRAMANMARAS),38.102,36.5028,4, 5.0 km,6,16,58,49
KANTARMA-ELBISTAN (KAHRAMANMARAS),38.1595,37.5413,5.3, 8.2 km,6,16,39,24
HACIMIRZA-GOKSUN (KAHRAMANMARAS),38.0483,36.5193,4.9, 5.0 km,6,16,17,43
AGCASAR-NURHAK (KAHRAMANMARAS),38.073,37.4315,4.3,13.6 km,6,16,6,37
ORTAKLI-AFSIN (KAHRAMANMARAS),38.1665,37.0397,4.5, 8.2 km,6,16,0,13
ORTAKLI-AFSIN (KAHRAMANMARAS),38.1552,37.0305,4.4, 5.0 km,6,15,47,59
AKCABEL-GOLBASI (ADIYAMAN),37.8063,37.7952,4.8,21.1 km,6,15,36,33
GUNDUZBEY-YESILYURT (MALATYA),38.2663,38.2253,4.8, 4.2 km,6,15,34,42
SOGUKPINAR-GOKSUN (KAHRAMANMARAS),38.0947,36.4038,4.3, 5.0 km,6,15,21,18
BICIN-NURHAK (KAHRAMANMARAS),37.9183,37.4562,4,15.9 km,6,15,19,11
NURHAK (KAHRAMANMARAS),37.9892,37.4735,4.9, 8.1 km,6,15,13,47
SOGUKPINAR-GOKSUN (KAHRAMANMARAS),38.04,36.3845,4.3, 4.5 km,6,15,7,33
MEHMETBEY-GOKSUN (KAHRAMANMARAS),38.0697,36.4702,5.8, 5.0 km,6,15,2,11
POLAT-DOGANSEHIR (MALATYA),38.19,37.8257,4.3, 5.0 km,6,14,51,19
SOGUKPINAR-GOKSUN (KAHRAMANMARAS),38.0483,36.361,4.5, 7.3 km,6,14,50,4
DURULDU-(MALATYA),38.3,38.1485,4.5, 1.4 km,6,14,44,7
KANDILKOY-EKINOZU (KAHRAMANMARAS),38.0588,37.0498,3.8,10.5 km,6,14,43,22
MAHMUTBEY-GOKSUN (KAHRAMANMARAS),38.1025,36.4763,4.6, 5.0 km,6,14,39,41
TATLAR-NURHAK (KAHRAMANMARAS),38.0275,37.4738,4.5, 5.2 km,6,14,35,27
TAPKIRAN-ELBISTAN (KAHRAMANMARAS),38.1448,37.6645,4.1, 9.1 km,6,14,34,18
KURTUL-EKINOZU (KAHRAMANMARAS),38.0058,37.043,3.9, 8.6 km,6,14,23,40
POLAT-DOGANSEHIR (MALATYA),38.1508,37.8658,3.9,12.1 km,6,14,20,23
ORTATEPE-GOKSUN (KAHRAMANMARAS),38.0603,36.5322,4.2,14.1 km,6,14,16,39
OZCANLI-ELBISTAN (KAHRAMANMARAS),38.0815,37.299,4.8, 1.4 km,6,14,11,39
MURSEL-GOKSUN (KAHRAMANMARAS),38.1308,36.4318,4.8, 5.4 km,6,14,5,37
TATLAR-NURHAK (KAHRAMANMARAS),38.0542,37.4667,4.4,20.4 km,6,13,56,26
KARAGOZ-(MALATYA),38.2883,38.3595,3.9, 6.4 km,6,13,55,4
DURULDU-(MALATYA),38.2988,38.1322,5.8, 7.5 km,6,13,51,31
CAVUSLU-DOGANSEHIR (MALATYA),38.1835,37.7738,6, 9.1 km,6,13,35,58
EKINOZU (KAHRAMANMARAS),38.0717,37.2063,7.5, 5.0 km,6,13,24,46
SALKONAK-YESILYURT (MALATYA),38.124,38.3465,4.2, 5.3 km,6,13,12,15
HACIBEBEK-TURKOGLU (KAHRAMANMARAS),37.3233,36.9377,3.7, 9.0 km,6,13,9,13
CAMPINAR-CELIKHAN (ADIYAMAN),38.1258,38.2478,4.2, 5.4 km,6,13,7,35
IKIZKUYU-NURDAGI (GAZIANTEP),37.1315,36.9428,3.4, 5.3 km,6,12,57,18
SAVRAN-GOLBASI (ADIYAMAN),37.828,37.5482,3.8, 5.5 km,6,12,54,20
KONURAT-PERTEK (TUNCELI),38.8297,39.4927,4.2, 5.0 km,6,12,48,41
CANAKCI-KALE (MALATYA),38.3275,38.7747,4, 8.9 km,6,12,43,51
KULLU-(OSMANIYE),36.936,36.4072,4.5,12.7 km,6,12,23,45
CIGLI-(KAHRAMANMARAS),37.4897,37.0945,3.5,12.0 km,6,12,5,50
MINEHUYUK-TURKOGLU (KAHRAMANMARAS),37.2672,36.8763,3.6, 6.4 km,6,12,5,17
KARABURCLU-NURDAGI (GAZIANTEP),37.1343,36.7163,3.2, 9.6 km,6,12,3,28
SAYLAK-KIRIKHAN (HATAY),36.6303,36.4043,3.9, 8.0 km,6,12,1,35
KARTAL-(KAHRAMANMARAS),37.4928,37.1302,4.7, 5.0 km,6,11,52,36
ARSLANBEY-PAZARCIK (KAHRAMANMARAS),37.36,37.0698,3.7,10.3 km,6,11,45,33
HACIBEBEK-TURKOGLU (KAHRAMANMARAS),37.335,36.8778,3.1, 5.4 km,6,11,33,58
SAKCAGOZE-NURDAGI (GAZIANTEP),37.2038,36.937,3.7, 5.3 km,6,11,25,49
KARAHUYUK-PAZARCIK (KAHRAMANMARAS),37.2453,37.0343,3.1,22.3 km,6,11,12,50
INCIRLI-NURDAGI (GAZIANTEP),37.2553,36.9637,3.5, 5.4 km,6,11,8,39
CAMSARI-KIRIKHAN (HATAY),36.5853,36.4533,4.2,12.8 km,6,11,1,48
SADAKALAR-PAZARCIK (KAHRAMANMARAS),37.463,37.3798,3.3,19.7 km,6,10,43,38
GUNGURGE-SEHITKAMIL (GAZIANTEP),37.2048,37.4778,3.7,28.8 km,6,10,43,9
HUDUTKOY-DOGANSEHIR (MALATYA),37.993,37.894,4.1, 3.6 km,6,10,41,14
KADIOGLUCIFTLIGI-TURKOGLU (KAHRAMANMARAS),37.3273,36.966,3.7, 5.0 km,6,10,35,37
EMIROGLU-PAZARCIK (KAHRAMANMARAS),37.335,37.0677,3.7, 5.0 km,6,10,31,0
DOGANLIKARAHASAN-PAZARCIK (KAHRAMANMARAS),37.4762,37.1397,4, 6.5 km,6,10,21,6
EVRI-PAZARCIK (KAHRAMANMARAS),37.2535,37.0495,3.4, 5.4 km,6,10,12,10
SEYRANTEPE-PAZARCIK (KAHRAMANMARAS),37.477,37.1082,3.6, 5.3 km,6,10,4,6
CINARLI-PAZARCIK (KAHRAMANMARAS),37.4543,37.0848,4.2, 5.0 km,6,9,59,4
KUCUKCERIT-CAGLAYANCERIT (KAHRAMANMARAS),37.7467,37.3912,5.1, 2.3 km,6,9,54,56
RESADIYE-DOGANSEHIR (MALATYA),37.9808,37.9883,3.8,12.1 km,6,9,48,26
CAGLAYANCERIT (KAHRAMANMARAS),37.7527,37.2492,4.2, 9.0 km,6,9,43,14
SOGUT-HASSA (HATAY),36.7803,36.474,3.8,12.5 km,6,9,38,10
BALIKALAN-NURDAGI (GAZIANTEP),37.3072,36.868,3.3,10.4 km,6,9,36,48
EVRI-PAZARCIK (KAHRAMANMARAS),37.2555,37.0557,3.3,14.7 km,6,9,33,19
INCIRLI-NURDAGI (GAZIANTEP),37.259,36.9835,4.7, 5.2 km,6,9,26,28
ORTAKLAR-SAHINBEY (GAZIANTEP),37.0492,36.9962,3.4, 5.0 km,6,9,16,19
PINARHUYUK-TURKOGLU (KAHRAMANMARAS),37.3925,36.9622,4.1, 2.8 km,6,9,14,38
NOGAYLAR-NURDAGI (GAZIANTEP),37.2533,36.8862,3.7,21.2 km,6,9,9,5
MAKSUTUSAGI-PAZARCIK (KAHRAMANMARAS),37.3973,37.0933,3.6, 5.4 km,6,9,0,5
PINARBASI-CELIKHAN (ADIYAMAN),38.004,38.1682,4.4,27.7 km,6,8,55,48
SAKCAGOZE-NURDAGI (GAZIANTEP),37.1853,36.9282,3.2, 5.3 km,6,8,40,1
BUYUKDALYAN-(HATAY),36.297,36.2035,4.9,15.4 km,6,8,36,33
SEYRANTEPE-PAZARCIK (KAHRAMANMARAS),37.4427,37.1208,3.6,13.2 km,6,8,21,45
KARABAHSILI-GOLBASI (ADIYAMAN),37.8838,37.7122,4.2, 8.3 km,6,8,16,55
KARANLIKDERE-DOGANSEHIR (MALATYA),37.9323,37.7783,4.5,15.5 km,6,8,1,49
YENIYURT-(KAHRAMANMARAS),37.4448,37.0202,4.4,28.7 km,6,7,56,6
ALAYBEYLI-KIRIKHAN (HATAY),36.5197,36.3485,3.6,10.0 km,6,7,50,17
GUVENC-HASSA (HATAY),36.6895,36.3915,4.6, 8.5 km,6,7,47,57
OZTURK-(KAHRAMANMARAS),37.4053,36.6863,3.8, 9.0 km,6,7,44,54
BALIKALAN-NURDAGI (GAZIANTEP),37.3078,36.89,3.6, 8.1 km,6,7,42,57
MEYDANKOY-GOLBASI (ADIYAMAN),37.884,37.6453,4.5, 8.5 km,6,7,39,45
MESTHUYUK-NURDAGI (GAZIANTEP),37.223,36.8178,4.2,21.5 km,6,7,31,1
ALAETTINKOY-GONEN (BALIKESIR),40.1988,27.703,4.1,13.1 km,6,7,24,32
GULUMUSAGI-(MALATYA),38.2092,38.515,5.1, 6.5 km,6,7,18,45
SOGUTLU-PAZARCIK (KAHRAMANMARAS),37.4957,37.1835,4.6, 5.7 km,6,7,16,49
BARIS-NURHAK (KAHRAMANMARAS),38.0348,37.3172,4.5,21.8 km,6,7,4,25
KIRISKAL-NURDAGI (GAZIANTEP),37.2362,36.8435,4,17.1 km,6,7,1,15
RESATLI-KIRIKHAN (HATAY),36.477,36.3637,4.3,16.5 km,6,6,58,18
OZBEK-TURKOGLU (KAHRAMANMARAS),37.3647,36.9802,3.8, 6.0 km,6,6,48,43
TANISIK-(MALATYA),38.2863,38.5807,4.7, 1.5 km,6,6,45,47
KAMISTAS-(MALATYA),38.3225,38.6932,4.9, 7.7 km,6,6,45,47
NARLI-PAZARCIK (KAHRAMANMARAS),37.383,37.1363,4.1, 7.3 km,6,6,41,27
CECELI-TURKOGLU (KAHRAMANMARAS),37.3413,36.844,3.9, 8.9 km,6,6,32,52
SARAYOVA-HASANBEYLI (OSMANIYE),37.0937,36.5767,4, 3.5 km,6,6,25,10
UFACIKLI-PAZARCIK (KAHRAMANMARAS),37.409,37.3243,4,14.2 km,6,6,12,12
EMIROGLU-PAZARCIK (KAHRAMANMARAS),37.3437,37.0497,4.7, 4.5 km,6,5,55,8
SOFULAR-(HATAY),36.1077,36.1792,4.2,18.6 km,6,5,48,23
KAZANLIPINAR-(KAHRAMANMARAS),37.6032,37.2467,4.4,17.4 km,6,5,34,19
SAKCAGOZE-NURDAGI (GAZIANTEP),37.1628,36.9292,5.4, 5.0 km,6,5,23,13
GULBABA-(KILIS),36.8367,36.798,4.9, 9.8 km,6,5,17,37
ERKENEK-DOGANSEHIR (MALATYA),37.8892,37.9855,4.8, 6.6 km,6,5,6,23
CENNETPINARI-PAZARCIK (KAHRAMANMARAS),37.2988,37.0045,4.7,12.6 km,6,5,1,44
KAZIKLI-ISLAHIYE (GAZIANTEP),36.8588,36.7102,5.2, 8.5 km,6,4,58,22
YESEMEK-ISLAHIYE (GAZIANTEP),36.8932,36.7413,5.6, 5.0 km,6,4,36,26
SOFALACA-SEHITKAMIL (GAZIANTEP),37.1123,37.1195,7.5, 5.0 km,6,4,17,31
